timestamp,simple-path,time
2021-12-12 21:06:28.515,/master/welcome,2734
2021-12-12 21:06:28.774,/master/welcome,227
2021-12-12 21:06:30.074,/master/sign-in,1130
2021-12-12 21:06:31.328,/master/welcome,587
2021-12-12 21:06:33.458,/master/welcome,185
2021-12-12 21:06:34.151,/master/welcome,586
2021-12-12 21:06:34.49,/master/welcome,215
2021-12-12 21:06:34.721,/master/welcome,185
2021-12-12 21:06:35.42,/master/sign-in,589
2021-12-12 21:06:36.675,/master/welcome,590
2021-12-12 21:06:37.498,/administrator/user-account/list,601
2021-12-12 21:06:38.334,/administrator/user-account/show,604
2021-12-12 21:06:38.565,/master/welcome,204
2021-12-12 21:06:39.267,/master/welcome,592
2021-12-12 21:06:39.516,/master/welcome,184
2021-12-12 21:06:39.718,/master/welcome,177
2021-12-12 21:06:40.419,/master/sign-in,591
2021-12-12 21:06:41.67,/master/welcome,585
2021-12-12 21:06:42.479,/administrator/user-account/list,591
2021-12-12 21:06:43.302,/administrator/user-account/show,590
2021-12-12 21:06:43.504,/master/welcome,175
2021-12-12 21:06:44.201,/master/welcome,589
2021-12-12 21:06:44.436,/master/welcome,170
2021-12-12 21:06:44.638,/master/welcome,176
2021-12-12 21:06:45.336,/master/sign-in,589
2021-12-12 21:06:46.592,/master/welcome,590
2021-12-12 21:06:47.393,/administrator/user-account/list,585
2021-12-12 21:06:48.214,/administrator/user-account/show,590
2021-12-12 21:06:48.431,/master/welcome,183
2021-12-12 21:06:49.13,/master/welcome,593
2021-12-12 21:06:49.362,/master/welcome,161
2021-12-12 21:06:49.564,/master/welcome,177
2021-12-12 21:06:50.278,/master/sign-in,607
2021-12-12 21:06:51.532,/master/welcome,589
2021-12-12 21:06:52.339,/administrator/user-account/list,586
2021-12-12 21:06:53.166,/administrator/user-account/show,591
2021-12-12 21:06:53.383,/master/welcome,187
2021-12-12 21:06:54.081,/master/welcome,587
2021-12-12 21:06:54.435,/master/welcome,280
2021-12-12 21:06:54.678,/master/welcome,211
2021-12-12 21:06:55.378,/master/sign-in,594
2021-12-12 21:06:56.634,/master/welcome,588
2021-12-12 21:06:57.437,/administrator/user-account/list,588
2021-12-12 21:06:58.259,/administrator/user-account/show,596
2021-12-12 21:06:58.474,/master/welcome,190
2021-12-12 21:06:59.171,/master/welcome,597
2021-12-12 21:06:59.422,/master/welcome,171
2021-12-12 21:06:59.624,/master/welcome,172
2021-12-12 21:07:00.32,/master/sign-in,591
2021-12-12 21:07:01.572,/master/welcome,589
2021-12-12 21:07:02.374,/administrator/user-account/list,583
2021-12-12 21:07:03.183,/administrator/user-account/show,588
2021-12-12 21:07:03.382,/master/welcome,179
2021-12-12 21:07:04.08,/master/welcome,591
2021-12-12 21:07:04.341,/master/welcome,181
2021-12-12 21:07:04.555,/master/welcome,185
2021-12-12 21:07:05.254,/master/sign-in,591
2021-12-12 21:07:06.517,/master/welcome,593
2021-12-12 21:07:07.339,/administrator/user-account/list,589
2021-12-12 21:07:08.154,/administrator/user-account/show,584
2021-12-12 21:07:08.416,/master/welcome,233
2021-12-12 21:07:09.111,/master/welcome,582
2021-12-12 21:07:09.374,/master/welcome,183
2021-12-12 21:07:09.562,/master/welcome,164
2021-12-12 21:07:10.263,/master/sign-in,591
2021-12-12 21:07:11.509,/master/welcome,586
2021-12-12 21:07:12.312,/administrator/user-account/list,588
2021-12-12 21:07:13.149,/administrator/user-account/show,604
2021-12-12 21:07:14.11,/administrator/user-account/list,586
2021-12-12 21:07:14.937,/administrator/user-account/show,588
2021-12-12 21:07:15.194,/master/welcome,175
2021-12-12 21:07:15.885,/master/welcome,584
2021-12-12 21:07:18.83,/master/welcome,227
2021-12-12 21:07:19.035,/master/welcome,179
2021-12-12 21:07:19.728,/master/sign-in,586
2021-12-12 21:07:20.957,/master/welcome,585
2021-12-12 21:07:22.529,/master/welcome,184
2021-12-12 21:07:23.221,/master/welcome,587
2021-12-12 21:07:23.454,/master/welcome,163
2021-12-12 21:07:23.811,/administrator/user-account/show,336
2021-12-12 21:07:24.118,/master/welcome,231
2021-12-12 21:07:24.319,/master/welcome,171
2021-12-12 21:07:24.515,/master/welcome,166
2021-12-12 21:07:25.216,/master/sign-in,590
2021-12-12 21:07:26.544,/master/welcome,616
2021-12-12 21:07:27.347,/administrator/user-account/list,587
2021-12-12 21:07:28.833,/administrator/user-account/show,589
2021-12-12 21:07:29.408,/master/welcome,181
2021-12-12 21:07:30.104,/master/welcome,587
2021-12-12 21:07:30.35,/master/welcome,172
2021-12-12 21:07:30.567,/master/welcome,196
2021-12-12 21:07:30.767,/master/welcome,173
2021-12-12 21:07:31.463,/master/sign-in,586
2021-12-12 21:07:32.721,/master/welcome,591
2021-12-12 21:07:33.525,/administrator/user-account/list,588
2021-12-12 21:07:35.02,/administrator/user-account/show,593
2021-12-12 21:07:35.594,/master/welcome,169
2021-12-12 21:07:36.298,/master/welcome,594
2021-12-12 21:07:36.557,/master/welcome,185
2021-12-12 21:07:36.746,/master/welcome,168
2021-12-12 21:07:36.937,/master/welcome,169
2021-12-12 21:07:37.636,/master/sign-in,590
2021-12-12 21:07:38.923,/master/welcome,600
2021-12-12 21:07:39.736,/administrator/user-account/list,600
2021-12-12 21:07:41.281,/administrator/user-account/show,591
2021-12-12 21:07:41.854,/master/welcome,174
2021-12-12 21:07:42.557,/master/welcome,594
2021-12-12 21:07:42.816,/master/welcome,186
2021-12-12 21:07:43.018,/master/welcome,174
2021-12-12 21:07:43.22,/master/welcome,174
2021-12-12 21:07:43.915,/master/sign-in,587
2021-12-12 21:07:45.173,/master/welcome,582
2021-12-12 21:07:45.976,/administrator/user-account/list,586
2021-12-12 21:07:47.467,/administrator/user-account/show,587
2021-12-12 21:07:48.115,/master/welcome,167
2021-12-12 21:07:48.811,/master/welcome,587
2021-12-12 21:07:51.807,/master/welcome,195
2021-12-12 21:07:52.002,/master/welcome,167
2021-12-12 21:07:52.693,/master/sign-in,582
2021-12-12 21:07:53.925,/master/welcome,587
2021-12-12 21:07:55.485,/master/welcome,176
2021-12-12 21:07:56.176,/master/welcome,583
2021-12-12 21:07:56.425,/master/welcome,166
2021-12-12 21:07:56.609,/master/welcome,164
2021-12-12 21:07:57.362,/anonymous/shout/list,585
2021-12-12 21:07:58.223,/master/welcome,176
2021-12-12 21:07:58.443,/master/welcome,171
2021-12-12 21:07:58.655,/master/welcome,188
2021-12-12 21:07:59.413,/anonymous/shout/list,587
2021-12-12 21:08:00.265,/master/welcome,178
2021-12-12 21:08:00.48,/master/welcome,175
2021-12-12 21:08:00.712,/master/welcome,195
2021-12-12 21:08:01.476,/anonymous/shout/list,591
2021-12-12 21:08:02.33,/master/welcome,160
2021-12-12 21:08:02.532,/master/welcome,167
2021-12-12 21:08:02.739,/master/welcome,182
2021-12-12 21:08:03.504,/anonymous/shout/list,593
2021-12-12 21:08:04.412,/master/welcome,164
2021-12-12 21:08:04.645,/master/welcome,186
2021-12-12 21:08:04.832,/master/welcome,163
2021-12-12 21:08:05.592,/anonymous/shout/list,592
2021-12-12 21:08:06.441,/master/welcome,182
2021-12-12 21:08:06.642,/master/welcome,167
2021-12-12 21:08:06.845,/master/welcome,174
2021-12-12 21:08:07.605,/anonymous/shout/list,587
2021-12-12 21:08:08.535,/master/welcome,201
2021-12-12 21:08:08.766,/master/welcome,185
2021-12-12 21:08:08.967,/master/welcome,172
2021-12-12 21:08:09.725,/anonymous/shout/list,587
2021-12-12 21:08:10.561,/master/welcome,165
2021-12-12 21:08:10.765,/master/welcome,166
2021-12-12 21:08:10.964,/master/welcome,167
2021-12-12 21:08:11.726,/anonymous/shout/list,590
2021-12-12 21:08:12.563,/master/welcome,168
2021-12-12 21:08:12.768,/master/welcome,159
2021-12-12 21:08:12.985,/master/welcome,186
2021-12-12 21:08:13.746,/anonymous/shout/list,589
2021-12-12 21:08:14.585,/master/welcome,167
2021-12-12 21:08:14.82,/master/welcome,191
2021-12-12 21:08:15.007,/master/welcome,163
2021-12-12 21:08:15.763,/anonymous/shout/list,587
2021-12-12 21:08:16.615,/master/welcome,165
2021-12-12 21:08:19.612,/master/welcome,223
2021-12-12 21:08:19.801,/master/welcome,166
2021-12-12 21:08:20.499,/master/sign-in,589
2021-12-12 21:08:21.739,/master/welcome,586
2021-12-12 21:08:23.295,/master/welcome,174
2021-12-12 21:08:23.99,/master/welcome,586
2021-12-12 21:08:24.221,/master/welcome,166
2021-12-12 21:08:24.412,/master/welcome,159
2021-12-12 21:08:25.172,/anonymous/shout/create,593
2021-12-12 21:08:26.183,/master/welcome,590
2021-12-12 21:08:26.416,/master/welcome,166
2021-12-12 21:08:26.603,/master/welcome,164
2021-12-12 21:08:27.379,/anonymous/shout/create,608
2021-12-12 21:08:28.385,/master/welcome,589
2021-12-12 21:08:28.631,/master/welcome,173
2021-12-12 21:08:28.836,/master/welcome,175
2021-12-12 21:08:29.603,/anonymous/shout/create,594
2021-12-12 21:08:30.622,/master/welcome,586
2021-12-12 21:08:30.855,/master/welcome,166
2021-12-12 21:08:31.072,/master/welcome,184
2021-12-12 21:08:31.833,/anonymous/shout/create,589
2021-12-12 21:08:32.843,/master/welcome,591
2021-12-12 21:08:33.104,/master/welcome,185
2021-12-12 21:08:33.289,/master/welcome,165
2021-12-12 21:08:34.046,/anonymous/shout/create,585
2021-12-12 21:08:35.054,/master/welcome,589
2021-12-12 21:08:35.291,/master/welcome,163
2021-12-12 21:08:35.494,/master/welcome,174
2021-12-12 21:08:36.257,/anonymous/shout/create,594
2021-12-12 21:08:37.253,/master/welcome,589
2021-12-12 21:08:37.53,/master/welcome,182
2021-12-12 21:08:37.736,/master/welcome,158
2021-12-12 21:08:38.496,/anonymous/shout/create,590
2021-12-12 21:08:39.485,/master/welcome,590
2021-12-12 21:08:39.749,/master/welcome,188
2021-12-12 21:08:39.936,/master/welcome,162
2021-12-12 21:08:40.69,/anonymous/shout/create,584
2021-12-12 21:08:41.669,/anonymous/shout/create,599
2021-12-12 21:08:41.904,/master/welcome,164
2021-12-12 21:08:42.115,/master/welcome,186
2021-12-12 21:08:42.889,/anonymous/shout/create,586
2021-12-12 21:08:43.875,/anonymous/shout/create,584
2021-12-12 21:08:44.109,/master/welcome,160
2021-12-12 21:08:44.31,/master/welcome,168
2021-12-12 21:08:45.069,/anonymous/shout/create,589
2021-12-12 21:08:46.075,/anonymous/shout/create,585
2021-12-12 21:08:46.323,/master/welcome,174
2021-12-12 21:08:46.523,/master/welcome,181
2021-12-12 21:08:47.277,/anonymous/shout/create,586
2021-12-12 21:08:48.31,/anonymous/shout/create,585
2021-12-12 21:08:48.572,/master/welcome,174
2021-12-12 21:08:48.758,/master/welcome,166
2021-12-12 21:08:49.516,/anonymous/shout/create,589
2021-12-12 21:08:50.511,/anonymous/shout/create,587
2021-12-12 21:08:50.774,/master/welcome,187
2021-12-12 21:08:50.96,/master/welcome,167
2021-12-12 21:08:51.736,/anonymous/shout/create,604
2021-12-12 21:08:52.716,/anonymous/shout/create,590
2021-12-12 21:08:55.8,/master/welcome,239
2021-12-12 21:08:56.002,/master/welcome,181
2021-12-12 21:08:56.693,/master/sign-in,584
2021-12-12 21:08:57.924,/master/welcome,589
2021-12-12 21:08:59.503,/master/welcome,195
2021-12-12 21:09:00.198,/master/welcome,589
2021-12-12 21:09:00.448,/master/welcome,172
2021-12-12 21:09:00.636,/master/welcome,162
2021-12-12 21:09:01.333,/master/sign-in,588
2021-12-12 21:09:02.58,/master/welcome,583
2021-12-12 21:09:02.856,/master/welcome,204
2021-12-12 21:09:03.554,/master/welcome,581
2021-12-12 21:09:03.825,/authenticated/duty/list,208
2021-12-12 21:09:04.104,/authenticated/duty/list/show,187
2021-12-12 21:09:04.361,/master/welcome,188
2021-12-12 21:09:04.576,/master/welcome,163
2021-12-12 21:09:05.276,/master/sign-in,592
2021-12-12 21:09:06.529,/master/welcome,588
2021-12-12 21:09:06.791,/master/welcome,188
2021-12-12 21:09:07.484,/master/welcome,587
2021-12-12 21:09:07.715,/authenticated/duty/list,178
2021-12-12 21:09:08.011,/authenticated/duty/list/show,217
2021-12-12 21:09:08.269,/master/welcome,186
2021-12-12 21:09:08.477,/master/welcome,187
2021-12-12 21:09:09.17,/master/sign-in,583
2021-12-12 21:09:10.419,/master/welcome,586
2021-12-12 21:09:10.67,/master/welcome,175
2021-12-12 21:09:11.37,/master/welcome,591
2021-12-12 21:09:11.62,/authenticated/duty/list,197
2021-12-12 21:09:11.886,/authenticated/duty/list/show,197
2021-12-12 21:09:12.132,/master/welcome,185
2021-12-12 21:09:12.321,/master/welcome,169
2021-12-12 21:09:13.017,/master/sign-in,589
2021-12-12 21:09:14.309,/master/welcome,609
2021-12-12 21:09:14.572,/master/welcome,196
2021-12-12 21:09:15.272,/master/welcome,594
2021-12-12 21:09:15.508,/authenticated/duty/list,183
2021-12-12 21:09:15.764,/authenticated/duty/list/show,181
2021-12-12 21:09:15.989,/master/welcome,179
2021-12-12 21:09:16.17,/master/welcome,163
2021-12-12 21:09:16.871,/master/sign-in,591
2021-12-12 21:09:18.151,/master/welcome,616
2021-12-12 21:09:18.4,/master/welcome,168
2021-12-12 21:09:19.096,/master/welcome,589
2021-12-12 21:09:19.346,/authenticated/duty/list,187
2021-12-12 21:09:19.608,/authenticated/duty/list/show,195
2021-12-12 21:09:19.84,/master/welcome,179
2021-12-12 21:09:20.026,/master/welcome,161
2021-12-12 21:09:20.722,/master/sign-in,592
2021-12-12 21:09:21.977,/master/welcome,587
2021-12-12 21:09:22.239,/master/welcome,187
2021-12-12 21:09:22.93,/master/welcome,585
2021-12-12 21:09:23.162,/authenticated/duty/list,178
2021-12-12 21:09:23.407,/authenticated/duty/list/show,180
2021-12-12 21:09:23.641,/master/welcome,172
2021-12-12 21:09:23.842,/master/welcome,170
2021-12-12 21:09:24.028,/master/welcome,163
2021-12-12 21:09:24.725,/master/sign-in,587
2021-12-12 21:09:26.019,/master/welcome,589
2021-12-12 21:09:26.825,/authenticated/duty/list,588
2021-12-12 21:09:28.578,/authenticated/duty/show,592
2021-12-12 21:09:29.212,/master/welcome,182
2021-12-12 21:09:29.912,/master/welcome,592
2021-12-12 21:09:30.175,/master/welcome,186
2021-12-12 21:09:30.364,/master/welcome,166
2021-12-12 21:09:30.597,/master/welcome,210
2021-12-12 21:09:31.295,/master/sign-in,591
2021-12-12 21:09:32.556,/master/welcome,597
2021-12-12 21:09:33.355,/authenticated/duty/list,585
2021-12-12 21:09:35.079,/authenticated/duty/show,588
2021-12-12 21:09:35.718,/master/welcome,179
2021-12-12 21:09:36.418,/master/welcome,591
2021-12-12 21:09:36.667,/master/welcome,182
2021-12-12 21:09:36.879,/master/welcome,178
2021-12-12 21:09:37.071,/master/welcome,176
2021-12-12 21:09:37.771,/master/sign-in,590
2021-12-12 21:09:39.038,/master/welcome,586
2021-12-12 21:09:39.844,/authenticated/duty/list,588
2021-12-12 21:09:41.535,/authenticated/duty/show,601
2021-12-12 21:09:42.187,/master/welcome,175
2021-12-12 21:09:42.884,/master/welcome,590
2021-12-12 21:09:43.133,/master/welcome,173
2021-12-12 21:09:43.322,/master/welcome,166
2021-12-12 21:09:43.52,/master/welcome,169
2021-12-12 21:09:44.218,/master/sign-in,587
2021-12-12 21:09:45.469,/master/welcome,589
2021-12-12 21:09:46.281,/authenticated/duty/list,591
2021-12-12 21:09:48.018,/authenticated/duty/show,591
2021-12-12 21:09:48.658,/master/welcome,174
2021-12-12 21:09:49.348,/master/welcome,584
2021-12-12 21:09:49.597,/master/welcome,174
2021-12-12 21:09:49.782,/master/welcome,167
2021-12-12 21:09:49.966,/master/welcome,161
2021-12-12 21:09:50.657,/master/sign-in,583
2021-12-12 21:09:51.953,/master/welcome,618
2021-12-12 21:09:52.756,/authenticated/duty/list,587
2021-12-12 21:09:54.443,/authenticated/duty/show,586
2021-12-12 21:09:55.105,/master/welcome,184
2021-12-12 21:09:55.808,/master/welcome,596
2021-12-12 21:09:56.06,/master/welcome,173
2021-12-12 21:09:56.257,/master/welcome,173
2021-12-12 21:09:56.457,/master/welcome,169
2021-12-12 21:09:57.157,/master/sign-in,589
2021-12-12 21:09:58.405,/master/welcome,588
2021-12-12 21:09:59.224,/authenticated/duty/list,603
2021-12-12 21:10:00.947,/authenticated/duty/show,584
2021-12-12 21:10:01.582,/master/welcome,177
2021-12-12 21:10:02.277,/master/welcome,586
2021-12-12 21:10:05.171,/master/welcome,208
2021-12-12 21:10:05.382,/master/welcome,179
2021-12-12 21:10:06.073,/master/sign-in,581
2021-12-12 21:10:07.309,/master/welcome,588
2021-12-12 21:10:08.872,/master/welcome,173
2021-12-12 21:10:09.57,/master/welcome,592
2021-12-12 21:10:09.836,/master/welcome,182
2021-12-12 21:10:10.024,/master/welcome,166
2021-12-12 21:10:10.227,/master/welcome,169
2021-12-12 21:10:10.923,/master/sign-in,587
2021-12-12 21:10:12.165,/master/welcome,595
2021-12-12 21:10:12.983,/authenticated/user-account/update,606
2021-12-12 21:10:14.298,/master/welcome,590
2021-12-12 21:10:15.078,/authenticated/user-account/update,591
2021-12-12 21:10:15.446,/master/welcome,160
2021-12-12 21:10:16.137,/master/welcome,583
2021-12-12 21:10:16.416,/master/welcome,182
2021-12-12 21:10:16.613,/master/welcome,172
2021-12-12 21:10:16.813,/master/welcome,176
2021-12-12 21:10:17.517,/master/sign-in,584
2021-12-12 21:10:18.798,/master/welcome,584
2021-12-12 21:10:19.599,/authenticated/user-account/update,583
2021-12-12 21:10:20.858,/authenticated/user-account/update,585
2021-12-12 21:10:21.116,/master/welcome,197
2021-12-12 21:10:21.813,/master/welcome,591
2021-12-12 21:10:22.09,/master/welcome,196
2021-12-12 21:10:22.307,/master/welcome,197
2021-12-12 21:10:22.511,/master/welcome,184
2021-12-12 21:10:23.209,/master/sign-in,589
2021-12-12 21:10:24.476,/master/welcome,585
2021-12-12 21:10:25.273,/authenticated/user-account/update,585
2021-12-12 21:10:26.542,/authenticated/user-account/update,592
2021-12-12 21:10:26.768,/master/welcome,165
2021-12-12 21:10:27.457,/master/welcome,587
2021-12-12 21:10:27.69,/master/welcome,167
2021-12-12 21:10:27.888,/master/welcome,167
2021-12-12 21:10:28.076,/master/welcome,168
2021-12-12 21:10:28.773,/master/sign-in,588
2021-12-12 21:10:30.042,/master/welcome,588
2021-12-12 21:10:30.847,/authenticated/user-account/update,589
2021-12-12 21:10:32.152,/authenticated/user-account/update,610
2021-12-12 21:10:32.387,/master/welcome,173
2021-12-12 21:10:33.083,/master/welcome,589
2021-12-12 21:10:33.346,/master/welcome,186
2021-12-12 21:10:33.555,/master/welcome,178
2021-12-12 21:10:33.734,/master/welcome,166
2021-12-12 21:10:34.43,/master/sign-in,589
2021-12-12 21:10:35.702,/master/welcome,592
2021-12-12 21:10:36.512,/authenticated/user-account/update,593
2021-12-12 21:10:37.699,/authenticated/user-account/update,587
2021-12-12 21:10:37.977,/master/welcome,193
2021-12-12 21:10:38.674,/master/welcome,590
2021-12-12 21:10:41.582,/master/welcome,214
2021-12-12 21:10:41.781,/master/welcome,169
2021-12-12 21:10:42.478,/master/sign-in,588
2021-12-12 21:10:43.745,/master/welcome,602
2021-12-12 21:10:45.31,/master/welcome,174
2021-12-12 21:10:46.012,/master/welcome,592
2021-12-12 21:10:46.26,/master/welcome,177
2021-12-12 21:10:46.45,/master/welcome,167
2021-12-12 21:10:47.147,/master/sign-in,590
2021-12-12 21:10:48.407,/master/welcome,595
2021-12-12 21:10:49.225,/administrator/spam/list,588
2021-12-12 21:10:49.897,/administrator/spam/threshold/show,608
2021-12-12 21:10:50.599,/master/welcome,579
2021-12-12 21:10:50.801,/master/welcome,180
2021-12-12 21:10:51.501,/master/welcome,593
2021-12-12 21:10:51.731,/master/welcome,159
2021-12-12 21:10:51.933,/master/welcome,170
2021-12-12 21:10:52.165,/administrator/spam/threshold/show,201
2021-12-12 21:10:55.16,/master/welcome,231
2021-12-12 21:10:55.393,/master/welcome,213
2021-12-12 21:10:56.09,/master/sign-in,590
2021-12-12 21:10:57.329,/master/welcome,587
2021-12-12 21:10:58.893,/master/welcome,175
2021-12-12 21:10:59.586,/master/welcome,585
2021-12-12 21:10:59.835,/master/welcome,175
2021-12-12 21:11:00.023,/master/welcome,164
2021-12-12 21:11:00.72,/master/sign-in,590
2021-12-12 21:11:01.961,/master/welcome,597
2021-12-12 21:11:02.78,/administrator/spam/list,591
2021-12-12 21:11:03.437,/administrator/spam/threshold/show,586
2021-12-12 21:11:04.252,/master/welcome,590
2021-12-12 21:11:04.473,/administrator/spam/threshold/show,190
2021-12-12 21:11:05.208,/master/welcome,593
2021-12-12 21:11:05.396,/master/welcome,169
2021-12-12 21:11:06.113,/master/welcome,616
2021-12-12 21:11:06.361,/master/welcome,169
2021-12-12 21:11:06.547,/master/welcome,162
2021-12-12 21:11:07.247,/master/sign-in,592
2021-12-12 21:11:08.48,/master/welcome,588
2021-12-12 21:11:09.284,/administrator/spam/list,588
2021-12-12 21:11:09.932,/administrator/spam/threshold/show,588
2021-12-12 21:11:10.706,/master/welcome,586
2021-12-12 21:11:10.94,/administrator/spam/threshold/show,205
2021-12-12 21:11:11.647,/master/welcome,585
2021-12-12 21:11:11.845,/master/welcome,166
2021-12-12 21:11:12.553,/master/welcome,600
2021-12-12 21:11:12.79,/master/welcome,167
2021-12-12 21:11:12.977,/master/welcome,167
2021-12-12 21:11:13.668,/master/sign-in,587
2021-12-12 21:11:14.908,/master/welcome,594
2021-12-12 21:11:15.716,/administrator/spam/list,589
2021-12-12 21:11:16.369,/administrator/spam/threshold/show,591
2021-12-12 21:11:17.144,/master/welcome,586
2021-12-12 21:11:17.356,/administrator/spam/threshold/show,190
2021-12-12 21:11:18.075,/master/welcome,593
2021-12-12 21:11:18.292,/master/welcome,187
2021-12-12 21:11:18.993,/master/welcome,593
2021-12-12 21:11:19.227,/master/welcome,164
2021-12-12 21:11:19.416,/master/welcome,162
2021-12-12 21:11:20.115,/master/sign-in,592
2021-12-12 21:11:21.352,/master/welcome,587
2021-12-12 21:11:22.167,/administrator/spam/list,594
2021-12-12 21:11:22.821,/administrator/spam/threshold/show,592
2021-12-12 21:11:23.594,/master/welcome,587
2021-12-12 21:11:23.795,/administrator/spam/threshold/show,183
2021-12-12 21:11:24.508,/master/welcome,588
2021-12-12 21:11:24.724,/master/welcome,186
2021-12-12 21:11:25.417,/master/welcome,585
2021-12-12 21:11:25.65,/master/welcome,162
2021-12-12 21:11:25.837,/master/welcome,164
2021-12-12 21:11:26.536,/master/sign-in,590
2021-12-12 21:11:27.766,/master/welcome,587
2021-12-12 21:11:28.569,/administrator/spam/list,589
2021-12-12 21:11:29.224,/administrator/spam/threshold/show,593
2021-12-12 21:11:29.998,/administrator/spam/threshold/update,591
2021-12-12 21:11:30.232,/master/welcome,181
2021-12-12 21:11:30.928,/master/welcome,588
2021-12-12 21:11:31.19,/master/welcome,194
2021-12-12 21:11:31.391,/master/welcome,178
2021-12-12 21:11:32.089,/master/sign-in,592
2021-12-12 21:11:33.342,/master/welcome,589
2021-12-12 21:11:34.143,/administrator/spam/list,586
2021-12-12 21:11:34.796,/administrator/spam/threshold/show,592
2021-12-12 21:11:35.562,/administrator/spam/threshold/update,589
2021-12-12 21:11:35.81,/master/welcome,188
2021-12-12 21:11:36.506,/master/welcome,587
2021-12-12 21:11:36.736,/master/welcome,165
2021-12-12 21:11:36.923,/master/welcome,165
2021-12-12 21:11:37.627,/master/sign-in,593
2021-12-12 21:11:38.881,/master/welcome,590
2021-12-12 21:11:39.686,/administrator/spam/list,587
2021-12-12 21:11:40.358,/administrator/spam/threshold/show,591
2021-12-12 21:11:41.159,/administrator/spam/threshold/update,602
2021-12-12 21:11:41.42,/master/welcome,198
2021-12-12 21:11:42.11,/master/welcome,582
2021-12-12 21:11:42.389,/master/welcome,203
2021-12-12 21:11:42.585,/master/welcome,174
2021-12-12 21:11:43.29,/master/sign-in,596
2021-12-12 21:11:44.55,/master/welcome,590
2021-12-12 21:11:45.367,/administrator/spam/list,584
2021-12-12 21:11:46.011,/administrator/spam/threshold/show,581
2021-12-12 21:11:46.782,/administrator/spam/threshold/update,586
2021-12-12 21:11:47.014,/master/welcome,177
2021-12-12 21:11:47.711,/master/welcome,588
2021-12-12 21:11:47.943,/master/welcome,159
2021-12-12 21:11:48.146,/master/welcome,172
2021-12-12 21:11:48.837,/master/sign-in,586
2021-12-12 21:11:50.108,/master/welcome,585
2021-12-12 21:11:50.913,/administrator/spam/list,588
2021-12-12 21:11:51.565,/administrator/spam/threshold/show,588
2021-12-12 21:11:52.324,/administrator/spam/threshold/update,589
2021-12-12 21:11:52.585,/master/welcome,200
2021-12-12 21:11:53.286,/master/welcome,591
2021-12-12 21:11:56.295,/master/welcome,208
2021-12-12 21:11:56.495,/master/welcome,172
2021-12-12 21:11:57.184,/master/sign-in,583
2021-12-12 21:11:58.42,/master/welcome,587
2021-12-12 21:11:59.973,/master/welcome,165
2021-12-12 21:12:00.674,/master/welcome,593
2021-12-12 21:12:00.935,/master/welcome,182
2021-12-12 21:12:01.121,/master/welcome,168
2021-12-12 21:12:01.817,/master/sign-in,590
2021-12-12 21:12:03.098,/master/welcome,589
2021-12-12 21:12:03.907,/administrator/spam/list,588
2021-12-12 21:12:04.975,/administrator/spam/show,589
2021-12-12 21:12:05.24,/master/welcome,182
2021-12-12 21:12:05.934,/master/welcome,588
2021-12-12 21:12:06.191,/master/welcome,179
2021-12-12 21:12:06.403,/master/welcome,184
2021-12-12 21:12:07.101,/master/sign-in,589
2021-12-12 21:12:08.367,/master/welcome,586
2021-12-12 21:12:09.187,/administrator/spam/list,590
2021-12-12 21:12:10.226,/administrator/spam/show,585
2021-12-12 21:12:10.475,/master/welcome,168
2021-12-12 21:12:11.173,/master/welcome,589
2021-12-12 21:12:11.434,/master/welcome,180
2021-12-12 21:12:11.62,/master/welcome,163
2021-12-12 21:12:12.318,/master/sign-in,592
2021-12-12 21:12:13.586,/master/welcome,603
2021-12-12 21:12:14.391,/administrator/spam/list,586
2021-12-12 21:12:15.42,/administrator/spam/show,585
2021-12-12 21:12:15.687,/master/welcome,178
2021-12-12 21:12:16.377,/master/welcome,584
2021-12-12 21:12:16.621,/master/welcome,178
2021-12-12 21:12:16.818,/master/welcome,171
2021-12-12 21:12:17.511,/master/sign-in,585
2021-12-12 21:12:18.79,/master/welcome,592
2021-12-12 21:12:19.603,/administrator/spam/list,590
2021-12-12 21:12:20.647,/administrator/spam/show,584
2021-12-12 21:12:20.91,/master/welcome,176
2021-12-12 21:12:21.604,/master/welcome,587
2021-12-12 21:12:21.839,/master/welcome,166
2021-12-12 21:12:22.024,/master/welcome,165
2021-12-12 21:12:22.719,/master/sign-in,589
2021-12-12 21:12:23.99,/master/welcome,592
2021-12-12 21:12:24.799,/administrator/spam/list,590
2021-12-12 21:12:25.85,/administrator/spam/show,592
2021-12-12 21:12:26.128,/master/welcome,189
2021-12-12 21:12:26.827,/master/welcome,594
2021-12-12 21:12:27.075,/master/welcome,167
2021-12-12 21:12:27.259,/master/welcome,160
2021-12-12 21:12:27.954,/master/sign-in,588
2021-12-12 21:12:29.219,/master/welcome,584
2021-12-12 21:12:30.022,/administrator/spam/list,590
2021-12-12 21:12:31.058,/administrator/spam/show,590
2021-12-12 21:12:31.32,/master/welcome,165
2021-12-12 21:12:32.022,/master/welcome,583
2021-12-12 21:12:32.258,/master/welcome,165
2021-12-12 21:12:32.457,/master/welcome,172
2021-12-12 21:12:33.157,/master/sign-in,593
2021-12-12 21:12:34.417,/master/welcome,593
2021-12-12 21:12:34.697,/administrator/spam,211
2021-12-12 21:12:34.913,/master/welcome,177
2021-12-12 21:12:35.616,/master/welcome,593
2021-12-12 21:12:38.521,/master/welcome,200
2021-12-12 21:12:38.702,/master/welcome,163
2021-12-12 21:12:39.39,/master/sign-in,583
2021-12-12 21:12:40.636,/master/welcome,592
2021-12-12 21:12:42.18,/master/welcome,160
2021-12-12 21:12:42.878,/master/welcome,590
2021-12-12 21:12:43.109,/master/welcome,162
2021-12-12 21:12:43.296,/master/welcome,160
2021-12-12 21:12:43.991,/master/sign-in,588
2021-12-12 21:12:45.235,/master/welcome,592
2021-12-12 21:12:46.058,/administrator/spam/list,590
2021-12-12 21:12:47.111,/administrator/spam/show,588
2021-12-12 21:12:47.871,/administrator/spam/update,589
2021-12-12 21:12:48.102,/master/welcome,168
2021-12-12 21:12:48.799,/master/welcome,590
2021-12-12 21:12:49.032,/master/welcome,166
2021-12-12 21:12:49.219,/master/welcome,164
2021-12-12 21:12:49.916,/master/sign-in,591
2021-12-12 21:12:51.173,/master/welcome,587
2021-12-12 21:12:51.973,/administrator/spam/list,586
2021-12-12 21:12:53.018,/administrator/spam/show,596
2021-12-12 21:12:53.791,/administrator/spam/update,606
2021-12-12 21:12:54.042,/master/welcome,188
2021-12-12 21:12:54.737,/master/welcome,587
2021-12-12 21:12:54.967,/master/welcome,166
2021-12-12 21:12:55.157,/master/welcome,172
2021-12-12 21:12:55.857,/master/sign-in,590
2021-12-12 21:12:57.133,/master/welcome,593
2021-12-12 21:12:57.939,/administrator/spam/list,590
2021-12-12 21:12:58.995,/administrator/spam/show,591
2021-12-12 21:12:59.753,/administrator/spam/update,587
2021-12-12 21:12:59.973,/master/welcome,171
2021-12-12 21:13:00.67,/master/welcome,587
2021-12-12 21:13:00.933,/master/welcome,185
2021-12-12 21:13:01.118,/master/welcome,162
2021-12-12 21:13:01.823,/master/sign-in,596
2021-12-12 21:13:03.11,/master/welcome,591
2021-12-12 21:13:03.943,/administrator/spam/list,589
2021-12-12 21:13:04.981,/administrator/spam/show,590
2021-12-12 21:13:05.738,/administrator/spam/update,590
2021-12-12 21:13:05.972,/master/welcome,175
2021-12-12 21:13:06.67,/master/welcome,590
2021-12-12 21:13:06.917,/master/welcome,173
2021-12-12 21:13:07.101,/master/welcome,159
2021-12-12 21:13:07.803,/master/sign-in,590
2021-12-12 21:13:09.057,/master/welcome,588
2021-12-12 21:13:09.867,/administrator/spam/list,591
2021-12-12 21:13:10.9,/administrator/spam/show,585
2021-12-12 21:13:11.66,/administrator/spam/update,591
2021-12-12 21:13:11.895,/master/welcome,171
2021-12-12 21:13:12.59,/master/welcome,585
2021-12-12 21:13:12.839,/master/welcome,170
2021-12-12 21:13:13.022,/master/welcome,159
2021-12-12 21:13:13.712,/master/sign-in,580
2021-12-12 21:13:14.967,/master/welcome,591
2021-12-12 21:13:15.844,/administrator/spam/list,589
2021-12-12 21:13:16.884,/administrator/spam/show,585
2021-12-12 21:13:17.648,/administrator/spam/update,593
2021-12-12 21:13:17.881,/master/welcome,167
2021-12-12 21:13:18.575,/master/welcome,587
2021-12-12 21:13:18.82,/master/welcome,173
2021-12-12 21:13:19.021,/master/welcome,177
2021-12-12 21:13:19.718,/master/sign-in,590
2021-12-12 21:13:20.97,/master/welcome,586
2021-12-12 21:13:21.773,/administrator/spam/list,588
2021-12-12 21:13:22.804,/administrator/spam/show,582
2021-12-12 21:13:23.577,/administrator/spam/list,591
2021-12-12 21:13:24.403,/administrator/spam/show,595
2021-12-12 21:13:24.679,/master/welcome,184
2021-12-12 21:13:25.374,/master/welcome,588
2021-12-12 21:13:25.604,/master/welcome,164
2021-12-12 21:13:25.807,/master/welcome,172
2021-12-12 21:13:26.506,/master/sign-in,592
2021-12-12 21:13:27.75,/master/welcome,591
2021-12-12 21:13:28.556,/administrator/spam/list,589
2021-12-12 21:13:29.602,/administrator/spam/show,582
2021-12-12 21:13:30.38,/administrator/spam/list,593
2021-12-12 21:13:31.204,/administrator/spam/show,592
2021-12-12 21:13:31.466,/master/welcome,176
2021-12-12 21:13:32.166,/master/welcome,594
2021-12-12 21:13:32.426,/master/welcome,183
2021-12-12 21:13:32.61,/master/welcome,160
2021-12-12 21:13:33.308,/master/sign-in,592
2021-12-12 21:13:34.598,/master/welcome,607
2021-12-12 21:13:35.403,/administrator/spam/list,588
2021-12-12 21:13:36.44,/administrator/spam/show,588
2021-12-12 21:13:37.218,/administrator/spam/list,593
2021-12-12 21:13:38.041,/administrator/spam/show,593
2021-12-12 21:13:38.323,/master/welcome,197
2021-12-12 21:13:39.013,/master/welcome,585
2021-12-12 21:13:39.278,/master/welcome,188
2021-12-12 21:13:39.464,/master/welcome,159
2021-12-12 21:13:40.162,/master/sign-in,591
2021-12-12 21:13:41.396,/master/welcome,583
2021-12-12 21:13:42.207,/administrator/spam/list,592
2021-12-12 21:13:43.247,/administrator/spam/show,586
2021-12-12 21:13:44.017,/administrator/spam/list,585
2021-12-12 21:13:44.844,/administrator/spam/show,593
2021-12-12 21:13:45.11,/master/welcome,170
2021-12-12 21:13:45.802,/master/welcome,585
2021-12-12 21:13:46.062,/master/welcome,182
2021-12-12 21:13:46.28,/master/welcome,195
2021-12-12 21:13:46.976,/master/sign-in,589
2021-12-12 21:13:48.294,/master/welcome,620
2021-12-12 21:13:49.099,/administrator/spam/list,588
2021-12-12 21:13:50.137,/administrator/spam/show,591
2021-12-12 21:13:50.915,/administrator/spam/list,590
2021-12-12 21:13:51.737,/administrator/spam/show,592
2021-12-12 21:13:52.02,/master/welcome,194
2021-12-12 21:13:52.719,/master/welcome,590
2021-12-12 21:13:52.962,/master/welcome,165
2021-12-12 21:13:53.147,/master/welcome,164
2021-12-12 21:13:53.851,/master/sign-in,593
2021-12-12 21:13:55.088,/master/welcome,589
2021-12-12 21:13:55.897,/administrator/spam/list,589
2021-12-12 21:13:56.937,/administrator/spam/show,594
2021-12-12 21:13:57.713,/administrator/spam/list,590
2021-12-12 21:13:58.532,/administrator/spam/show,589
2021-12-12 21:13:58.808,/master/welcome,194
2021-12-12 21:13:59.506,/master/welcome,589
2021-12-12 21:14:02.384,/master/welcome,190
2021-12-12 21:14:02.587,/master/welcome,170
2021-12-12 21:14:03.283,/master/sign-in,589
2021-12-12 21:14:04.516,/master/welcome,584
2021-12-12 21:14:06.097,/master/welcome,188
2021-12-12 21:14:06.798,/master/welcome,591
2021-12-12 21:14:07.074,/master/welcome,198
2021-12-12 21:14:07.272,/master/welcome,178
2021-12-12 21:14:07.456,/master/welcome,162
2021-12-12 21:14:08.156,/master/sign-in,593
2021-12-12 21:14:09.43,/master/welcome,604
2021-12-12 21:14:10.248,/authenticated/consumer/create,591
2021-12-12 21:14:11.167,/master/welcome,594
2021-12-12 21:14:11.386,/master/welcome,177
2021-12-12 21:14:12.076,/master/welcome,584
2021-12-12 21:14:12.311,/master/welcome,167
2021-12-12 21:14:12.495,/master/welcome,164
2021-12-12 21:14:12.684,/master/welcome,169
2021-12-12 21:14:13.383,/master/sign-in,591
2021-12-12 21:14:14.636,/master/welcome,596
2021-12-12 21:14:16.781,/authenticated/consumer/create,586
2021-12-12 21:14:17.646,/authenticated/consumer/create,590
2021-12-12 21:14:17.894,/master/welcome,188
2021-12-12 21:14:18.592,/master/welcome,591
2021-12-12 21:14:18.84,/master/welcome,180
2021-12-12 21:14:19.042,/master/welcome,172
2021-12-12 21:14:19.233,/master/welcome,167
2021-12-12 21:14:19.928,/master/sign-in,589
2021-12-12 21:14:21.199,/master/welcome,590
2021-12-12 21:14:23.308,/authenticated/consumer/create,589
2021-12-12 21:14:24.201,/authenticated/consumer/create,588
2021-12-12 21:14:24.444,/master/welcome,190
2021-12-12 21:14:25.145,/master/welcome,594
2021-12-12 21:14:28.197,/master/welcome,224
2021-12-12 21:14:28.393,/master/welcome,175
2021-12-12 21:14:29.084,/master/sign-in,587
2021-12-12 21:14:30.32,/master/welcome,589
2021-12-12 21:14:31.885,/master/welcome,170
2021-12-12 21:14:32.582,/master/welcome,588
2021-12-12 21:14:32.843,/master/welcome,184
2021-12-12 21:14:33.044,/master/welcome,173
2021-12-12 21:14:33.229,/master/welcome,163
2021-12-12 21:14:33.926,/master/sign-in,588
2021-12-12 21:14:35.169,/master/welcome,596
2021-12-12 21:14:36.011,/authenticated/consumer/update,610
2021-12-12 21:14:36.926,/master/welcome,589
2021-12-12 21:14:37.157,/authenticated/consumer/update,204
2021-12-12 21:14:37.925,/master/welcome,585
2021-12-12 21:14:38.127,/master/welcome,179
2021-12-12 21:14:38.819,/master/welcome,584
2021-12-12 21:14:39.053,/master/welcome,164
2021-12-12 21:14:39.24,/master/welcome,165
2021-12-12 21:14:39.425,/master/welcome,160
2021-12-12 21:14:40.126,/master/sign-in,593
2021-12-12 21:14:41.437,/master/welcome,647
2021-12-12 21:14:42.239,/authenticated/consumer/update,587
2021-12-12 21:14:43.139,/master/welcome,591
2021-12-12 21:14:43.37,/authenticated/consumer/update,198
2021-12-12 21:14:44.141,/master/welcome,588
2021-12-12 21:14:44.385,/master/welcome,226
2021-12-12 21:14:45.082,/master/welcome,590
2021-12-12 21:14:45.33,/master/welcome,182
2021-12-12 21:14:45.532,/master/welcome,181
2021-12-12 21:14:45.748,/master/welcome,186
2021-12-12 21:14:46.442,/master/sign-in,586
2021-12-12 21:14:47.675,/master/welcome,586
2021-12-12 21:14:48.48,/authenticated/consumer/update,589
2021-12-12 21:14:49.365,/authenticated/consumer/update,603
2021-12-12 21:14:49.602,/master/welcome,182
2021-12-12 21:14:50.294,/master/welcome,585
2021-12-12 21:14:50.556,/master/welcome,184
2021-12-12 21:14:50.776,/master/welcome,188
2021-12-12 21:14:50.964,/master/welcome,170
2021-12-12 21:14:51.658,/master/sign-in,587
2021-12-12 21:14:52.93,/master/welcome,590
2021-12-12 21:14:53.738,/authenticated/consumer/update,591
2021-12-12 21:14:54.617,/authenticated/consumer/update,587
2021-12-12 21:14:54.851,/master/welcome,173
2021-12-12 21:14:55.553,/master/welcome,594
2021-12-12 21:14:55.799,/master/welcome,177
2021-12-12 21:14:55.997,/master/welcome,160
2021-12-12 21:14:56.183,/master/welcome,165
2021-12-12 21:14:56.889,/master/sign-in,587
2021-12-12 21:14:58.157,/master/welcome,608
2021-12-12 21:14:58.96,/authenticated/consumer/update,589
2021-12-12 21:14:59.843,/authenticated/consumer/update,589
2021-12-12 21:15:00.089,/master/welcome,191
2021-12-12 21:15:00.788,/master/welcome,590
2021-12-12 21:15:03.802,/master/welcome,209
2021-12-12 21:15:03.988,/master/welcome,167
2021-12-12 21:15:04.684,/master/sign-in,588
2021-12-12 21:15:05.917,/master/welcome,588
2021-12-12 21:15:07.49,/master/welcome,186
2021-12-12 21:15:08.188,/master/welcome,590
2021-12-12 21:15:08.424,/master/welcome,165
2021-12-12 21:15:08.626,/master/welcome,182
2021-12-12 21:15:09.384,/anonymous/duty/list,590
2021-12-12 21:15:11.107,/anonymous/duty/show,591
2021-12-12 21:15:11.755,/master/welcome,175
2021-12-12 21:15:11.964,/master/welcome,156
2021-12-12 21:15:12.723,/anonymous/duty/list,593
2021-12-12 21:15:14.421,/anonymous/duty/show,589
2021-12-12 21:15:15.086,/master/welcome,167
2021-12-12 21:15:15.273,/master/welcome,165
2021-12-12 21:15:16.035,/anonymous/duty/list,592
2021-12-12 21:15:17.748,/anonymous/duty/show,590
2021-12-12 21:15:18.386,/master/welcome,167
2021-12-12 21:15:18.574,/master/welcome,168
2021-12-12 21:15:19.328,/anonymous/duty/list,586
2021-12-12 21:15:21.042,/anonymous/duty/show,590
2021-12-12 21:15:21.671,/master/welcome,164
2021-12-12 21:15:21.871,/master/welcome,181
2021-12-12 21:15:22.627,/anonymous/duty/list,585
2021-12-12 21:15:24.33,/anonymous/duty/show,589
2021-12-12 21:15:24.995,/master/welcome,196
2021-12-12 21:15:25.199,/master/welcome,175
2021-12-12 21:15:25.971,/anonymous/duty/list,593
2021-12-12 21:15:27.653,/anonymous/duty/show,589
2021-12-12 21:15:28.316,/master/welcome,191
2021-12-12 21:15:28.501,/master/welcome,166
2021-12-12 21:15:29.265,/anonymous/duty/list,591
2021-12-12 21:15:30.971,/anonymous/duty/show,593
2021-12-12 21:15:31.638,/master/welcome,175
2021-12-12 21:15:31.825,/master/welcome,166
2021-12-12 21:15:32.592,/anonymous/duty/list,595
2021-12-12 21:15:34.324,/anonymous/duty/show,633
2021-12-12 21:15:34.973,/master/welcome,171
2021-12-12 21:15:35.159,/master/welcome,165
2021-12-12 21:15:35.919,/anonymous/duty/list,591
2021-12-12 21:15:37.614,/anonymous/duty/show,586
2021-12-12 21:15:38.263,/master/welcome,170
2021-12-12 21:15:38.476,/master/welcome,178
2021-12-12 21:15:39.159,/master/sign-in,585
2021-12-12 21:15:40.412,/master/welcome,590
2021-12-12 21:15:40.674,/anonymous/duty/show,196
2021-12-12 21:15:40.907,/master/welcome,183
2021-12-12 21:15:41.598,/master/welcome,584
2021-12-12 21:15:44.494,/master/welcome,192
2021-12-12 21:15:44.694,/master/welcome,169
2021-12-12 21:15:45.393,/master/sign-in,593
2021-12-12 21:15:46.633,/master/welcome,590
2021-12-12 21:15:48.19,/master/welcome,168
2021-12-12 21:15:48.88,/master/welcome,584
2021-12-12 21:15:49.119,/master/welcome,163
2021-12-12 21:15:49.3,/master/welcome,163
2021-12-12 21:15:49.487,/master/welcome,160
2021-12-12 21:15:50.19,/master/sign-in,593
2021-12-12 21:15:51.428,/master/welcome,588
2021-12-12 21:15:52.23,/authenticated/provider/update,594
2021-12-12 21:15:53.171,/master/welcome,601
2021-12-12 21:15:53.39,/authenticated/provider/update,200
2021-12-12 21:15:54.16,/master/welcome,586
2021-12-12 21:15:54.378,/master/welcome,187
2021-12-12 21:15:55.07,/master/welcome,585
2021-12-12 21:15:55.32,/master/welcome,171
2021-12-12 21:15:55.522,/master/welcome,169
2021-12-12 21:15:55.711,/master/welcome,170
2021-12-12 21:15:56.409,/master/sign-in,590
2021-12-12 21:15:57.641,/master/welcome,582
2021-12-12 21:15:58.472,/authenticated/provider/update,600
2021-12-12 21:15:59.368,/master/welcome,589
2021-12-12 21:15:59.601,/authenticated/provider/update,209
2021-12-12 21:16:00.37,/master/welcome,588
2021-12-12 21:16:00.587,/master/welcome,186
2021-12-12 21:16:01.286,/master/welcome,590
2021-12-12 21:16:01.534,/master/welcome,180
2021-12-12 21:16:01.765,/master/welcome,201
2021-12-12 21:16:01.981,/master/welcome,194
2021-12-12 21:16:02.677,/master/sign-in,587
2021-12-12 21:16:03.92,/master/welcome,592
2021-12-12 21:16:04.726,/authenticated/provider/update,588
2021-12-12 21:16:05.607,/authenticated/provider/update,585
2021-12-12 21:16:05.839,/master/welcome,182
2021-12-12 21:16:06.541,/master/welcome,592
2021-12-12 21:16:06.804,/master/welcome,171
2021-12-12 21:16:07.018,/master/welcome,195
2021-12-12 21:16:07.216,/master/welcome,174
2021-12-12 21:16:07.908,/master/sign-in,585
2021-12-12 21:16:09.163,/master/welcome,590
2021-12-12 21:16:09.968,/authenticated/provider/update,588
2021-12-12 21:16:10.851,/authenticated/provider/update,589
2021-12-12 21:16:11.082,/master/welcome,177
2021-12-12 21:16:11.785,/master/welcome,593
2021-12-12 21:16:12.068,/master/welcome,197
2021-12-12 21:16:12.263,/master/welcome,173
2021-12-12 21:16:12.45,/master/welcome,162
2021-12-12 21:16:13.146,/master/sign-in,588
2021-12-12 21:16:14.416,/master/welcome,589
2021-12-12 21:16:15.217,/authenticated/provider/update,588
2021-12-12 21:16:16.099,/authenticated/provider/update,587
2021-12-12 21:16:16.345,/master/welcome,187
2021-12-12 21:16:17.043,/master/welcome,589
2021-12-12 21:16:19.973,/master/welcome,223
2021-12-12 21:16:20.187,/master/welcome,185
2021-12-12 21:16:20.882,/master/sign-in,584
2021-12-12 21:16:22.124,/master/welcome,591
2021-12-12 21:16:23.671,/master/welcome,167
2021-12-12 21:16:24.375,/master/welcome,594
2021-12-12 21:16:24.616,/master/welcome,172
2021-12-12 21:16:24.802,/master/welcome,160
2021-12-12 21:16:24.984,/master/welcome,158
2021-12-12 21:16:25.678,/master/sign-in,586
2021-12-12 21:16:26.934,/master/welcome,589
2021-12-12 21:16:27.759,/authenticated/provider/create,595
2021-12-12 21:16:28.672,/master/welcome,589
2021-12-12 21:16:28.887,/master/welcome,175
2021-12-12 21:16:29.584,/master/welcome,590
2021-12-12 21:16:29.817,/master/welcome,164
2021-12-12 21:16:30.002,/master/welcome,164
2021-12-12 21:16:30.189,/master/welcome,160
2021-12-12 21:16:30.885,/master/sign-in,589
2021-12-12 21:16:32.15,/master/welcome,592
2021-12-12 21:16:34.254,/authenticated/provider/create,590
2021-12-12 21:16:35.118,/authenticated/provider/create,587
2021-12-12 21:16:35.352,/master/welcome,172
2021-12-12 21:16:36.05,/master/welcome,592
2021-12-12 21:16:36.285,/master/welcome,167
2021-12-12 21:16:36.499,/master/welcome,184
2021-12-12 21:16:36.704,/master/welcome,182
2021-12-12 21:16:37.393,/master/sign-in,585
2021-12-12 21:16:38.664,/master/welcome,592
2021-12-12 21:16:40.774,/authenticated/provider/create,588
2021-12-12 21:16:41.648,/authenticated/provider/create,593
2021-12-12 21:16:41.869,/master/welcome,167
2021-12-12 21:16:42.567,/master/welcome,590
2021-12-12 21:16:45.586,/master/welcome,207
2021-12-12 21:16:45.789,/master/welcome,176
2021-12-12 21:16:46.486,/master/sign-in,589
2021-12-12 21:16:47.719,/master/welcome,586
2021-12-12 21:16:49.263,/master/welcome,162
2021-12-12 21:16:49.966,/master/welcome,593
2021-12-12 21:16:50.201,/master/welcome,160
2021-12-12 21:16:50.668,/master/welcome,178
2021-12-12 21:16:50.855,/master/welcome,159
2021-12-12 21:16:55.711,/master/welcome,237
2021-12-12 21:16:55.938,/master/welcome,198
2021-12-12 21:16:56.636,/master/sign-in,591
2021-12-12 21:16:57.872,/master/welcome,585
2021-12-12 21:16:59.409,/master/welcome,166
2021-12-12 21:17:00.105,/master/welcome,588
2021-12-12 21:17:00.367,/master/welcome,186
2021-12-12 21:17:00.585,/master/welcome,190
2021-12-12 21:17:01.276,/anonymous/user-account/create,583
2021-12-12 21:17:03.038,/master/welcome,588
2021-12-12 21:17:03.275,/master/welcome,182
2021-12-12 21:17:03.968,/master/sign-in,586
2021-12-12 21:17:05.206,/master/welcome,588
2021-12-12 21:17:05.441,/master/welcome,159
2021-12-12 21:17:06.136,/master/welcome,587
2021-12-12 21:17:06.385,/master/welcome,171
2021-12-12 21:17:06.584,/master/welcome,164
2021-12-12 21:17:07.283,/anonymous/user-account/create,591
2021-12-12 21:17:09.026,/master/welcome,586
2021-12-12 21:17:09.243,/master/welcome,162
2021-12-12 21:17:09.944,/master/sign-in,593
2021-12-12 21:17:11.19,/master/welcome,591
2021-12-12 21:17:11.409,/master/welcome,154
2021-12-12 21:17:12.105,/master/welcome,588
2021-12-12 21:17:12.337,/master/welcome,154
2021-12-12 21:17:12.539,/master/welcome,170
2021-12-12 21:17:13.23,/anonymous/user-account/create,587
2021-12-12 21:17:14.978,/master/welcome,596
2021-12-12 21:17:15.208,/master/welcome,173
2021-12-12 21:17:15.906,/master/sign-in,589
2021-12-12 21:17:17.212,/master/welcome,640
2021-12-12 21:17:17.442,/master/welcome,156
2021-12-12 21:17:18.144,/master/welcome,593
2021-12-12 21:17:18.378,/master/welcome,162
2021-12-12 21:17:18.567,/master/welcome,162
2021-12-12 21:17:19.266,/anonymous/user-account/create,593
2021-12-12 21:17:21.046,/master/welcome,618
2021-12-12 21:17:21.264,/master/welcome,160
2021-12-12 21:17:21.958,/master/sign-in,585
2021-12-12 21:17:23.202,/master/welcome,594
2021-12-12 21:17:23.415,/master/welcome,151
2021-12-12 21:17:24.11,/master/welcome,588
2021-12-12 21:17:24.37,/master/welcome,184
2021-12-12 21:17:24.586,/master/welcome,188
2021-12-12 21:17:25.287,/anonymous/user-account/create,594
2021-12-12 21:17:27.049,/master/welcome,587
2021-12-12 21:17:27.282,/master/welcome,175
2021-12-12 21:17:27.974,/master/sign-in,587
2021-12-12 21:17:29.213,/master/welcome,586
2021-12-12 21:17:29.445,/master/welcome,163
2021-12-12 21:17:30.14,/master/welcome,589
2021-12-12 21:17:30.386,/master/welcome,175
2021-12-12 21:17:30.576,/master/welcome,159
2021-12-12 21:17:31.288,/anonymous/user-account/create,591
2021-12-12 21:17:33.046,/master/welcome,592
2021-12-12 21:17:33.264,/master/welcome,167
2021-12-12 21:17:33.962,/master/sign-in,591
2021-12-12 21:17:35.246,/master/welcome,624
2021-12-12 21:17:35.497,/master/welcome,175
2021-12-12 21:17:36.2,/master/welcome,594
2021-12-12 21:17:36.445,/master/welcome,175
2021-12-12 21:17:36.633,/master/welcome,164
2021-12-12 21:17:37.334,/anonymous/user-account/create,593
2021-12-12 21:17:39.084,/master/welcome,588
2021-12-12 21:17:39.3,/master/welcome,163
2021-12-12 21:17:40.006,/master/sign-in,591
2021-12-12 21:17:41.269,/master/welcome,594
2021-12-12 21:17:41.514,/master/welcome,169
2021-12-12 21:17:42.214,/master/welcome,592
2021-12-12 21:17:42.444,/master/welcome,164
2021-12-12 21:17:42.629,/master/welcome,164
2021-12-12 21:17:43.325,/anonymous/user-account/create,590
2021-12-12 21:17:45.09,/master/welcome,590
2021-12-12 21:17:45.321,/master/welcome,171
2021-12-12 21:17:46.017,/master/sign-in,589
2021-12-12 21:17:47.255,/master/welcome,589
2021-12-12 21:17:47.485,/master/welcome,156
2021-12-12 21:17:48.186,/master/welcome,594
2021-12-12 21:17:48.422,/master/welcome,168
2021-12-12 21:17:48.615,/master/welcome,161
2021-12-12 21:17:49.314,/anonymous/user-account/create,591
2021-12-12 21:17:51.063,/master/welcome,588
2021-12-12 21:17:51.279,/master/welcome,163
2021-12-12 21:17:51.989,/master/sign-in,587
2021-12-12 21:17:53.261,/master/welcome,620
2021-12-12 21:17:53.508,/master/welcome,171
2021-12-12 21:17:54.205,/master/welcome,587
2021-12-12 21:17:54.443,/master/welcome,160
2021-12-12 21:17:54.644,/master/welcome,172
2021-12-12 21:17:55.343,/anonymous/user-account/create,590
2021-12-12 21:17:57.097,/master/welcome,591
2021-12-12 21:17:57.313,/master/welcome,160
2021-12-12 21:17:58.009,/master/sign-in,589
2021-12-12 21:17:59.253,/master/welcome,593
2021-12-12 21:17:59.484,/master/welcome,161
2021-12-12 21:18:00.183,/master/welcome,590
2021-12-12 21:18:00.433,/master/welcome,172
2021-12-12 21:18:00.62,/master/welcome,163
2021-12-12 21:18:01.319,/anonymous/user-account/create,592
2021-12-12 21:18:03.067,/master/welcome,585
2021-12-12 21:18:03.299,/master/welcome,179
2021-12-12 21:18:03.994,/master/sign-in,589
2021-12-12 21:18:05.23,/master/welcome,589
2021-12-12 21:18:05.476,/master/welcome,172
2021-12-12 21:18:06.165,/master/welcome,583
2021-12-12 21:18:06.453,/master/welcome,202
2021-12-12 21:18:06.674,/master/welcome,186
2021-12-12 21:18:07.365,/anonymous/user-account/create,587
2021-12-12 21:18:09.132,/master/welcome,600
2021-12-12 21:18:09.377,/master/welcome,185
2021-12-12 21:18:10.078,/master/sign-in,589
2021-12-12 21:18:11.315,/master/welcome,589
2021-12-12 21:18:11.64,/master/welcome,237
2021-12-12 21:18:12.329,/master/welcome,583
2021-12-12 21:18:12.574,/master/welcome,169
2021-12-12 21:18:12.761,/master/welcome,166
2021-12-12 21:18:13.458,/anonymous/user-account/create,589
2021-12-12 21:18:15.118,/anonymous/user-account/create,587
2021-12-12 21:18:15.365,/master/welcome,177
2021-12-12 21:18:15.584,/master/welcome,193
2021-12-12 21:18:16.283,/anonymous/user-account/create,590
2021-12-12 21:18:18.035,/anonymous/user-account/create,589
2021-12-12 21:18:18.284,/master/welcome,173
2021-12-12 21:18:18.488,/master/welcome,170
2021-12-12 21:18:19.177,/anonymous/user-account/create,582
2021-12-12 21:18:20.932,/anonymous/user-account/create,593
2021-12-12 21:18:21.179,/master/welcome,171
2021-12-12 21:18:21.377,/master/welcome,166
2021-12-12 21:18:22.069,/anonymous/user-account/create,582
2021-12-12 21:18:23.808,/anonymous/user-account/create,589
2021-12-12 21:18:24.056,/master/welcome,171
2021-12-12 21:18:24.245,/master/welcome,167
2021-12-12 21:18:24.943,/anonymous/user-account/create,592
2021-12-12 21:18:26.693,/anonymous/user-account/create,587
2021-12-12 21:18:26.944,/master/welcome,178
2021-12-12 21:18:27.128,/master/welcome,158
2021-12-12 21:18:27.826,/anonymous/user-account/create,591
2021-12-12 21:18:29.596,/anonymous/user-account/create,590
2021-12-12 21:18:29.834,/master/welcome,167
2021-12-12 21:18:30.032,/master/welcome,178
2021-12-12 21:18:30.726,/anonymous/user-account/create,586
2021-12-12 21:18:32.434,/anonymous/user-account/create,591
2021-12-12 21:18:32.683,/master/welcome,183
2021-12-12 21:18:32.884,/master/welcome,172
2021-12-12 21:18:33.603,/anonymous/user-account/create,606
2021-12-12 21:18:35.382,/anonymous/user-account/create,591
2021-12-12 21:18:35.615,/master/welcome,165
2021-12-12 21:18:35.813,/master/welcome,166
2021-12-12 21:18:36.511,/anonymous/user-account/create,587
2021-12-12 21:18:38.312,/anonymous/user-account/create,618
2021-12-12 21:18:38.56,/master/welcome,170
2021-12-12 21:18:38.749,/master/welcome,163
2021-12-12 21:18:39.442,/anonymous/user-account/create,587
2021-12-12 21:18:41.225,/anonymous/user-account/create,588
2021-12-12 21:18:41.459,/master/welcome,163
2021-12-12 21:18:41.643,/master/welcome,159
2021-12-12 21:18:42.345,/anonymous/user-account/create,595
2021-12-12 21:18:44.138,/anonymous/user-account/create,588
2021-12-12 21:18:44.402,/master/welcome,186
2021-12-12 21:18:44.59,/master/welcome,161
2021-12-12 21:18:45.287,/anonymous/user-account/create,591
2021-12-12 21:18:47.116,/anonymous/user-account/create,606
2021-12-12 21:18:50.123,/master/welcome,193
2021-12-12 21:18:50.32,/master/welcome,172
2021-12-12 21:18:51.016,/master/sign-in,590
2021-12-12 21:18:52.253,/master/welcome,588
2021-12-12 21:18:53.822,/master/welcome,183
2021-12-12 21:18:54.521,/master/welcome,591
2021-12-12 21:18:54.751,/master/welcome,164
2021-12-12 21:18:54.939,/master/welcome,163
2021-12-12 21:18:55.125,/master/welcome,160
2021-12-12 21:18:55.819,/master/sign-in,587
2021-12-12 21:18:57.061,/master/welcome,588
2021-12-12 21:18:57.881,/authenticated/officer/create,588
2021-12-12 21:18:58.553,/master/welcome,598
2021-12-12 21:18:58.771,/master/welcome,174
2021-12-12 21:18:59.467,/master/welcome,588
2021-12-12 21:19:01.979,/master/welcome,221
2021-12-12 21:19:02.177,/master/welcome,169
2021-12-12 21:19:02.877,/master/sign-in,588
2021-12-12 21:19:04.116,/master/welcome,589
2021-12-12 21:19:05.666,/master/welcome,166
2021-12-12 21:19:06.363,/master/welcome,588
2021-12-12 21:19:06.596,/master/welcome,160
2021-12-12 21:19:06.782,/master/welcome,161
2021-12-12 21:19:07.482,/master/sign-in,592
2021-12-12 21:19:08.737,/master/welcome,600
2021-12-12 21:19:09.545,/administrator/dashboard/show,588
2021-12-12 21:19:09.809,/master/welcome,199
2021-12-12 21:19:10.51,/master/welcome,584
2021-12-12 21:19:10.745,/master/welcome,163
2021-12-12 21:19:10.926,/master/welcome,167
2021-12-12 21:19:11.623,/master/sign-in,590
2021-12-12 21:19:12.879,/master/welcome,589
2021-12-12 21:19:13.685,/administrator/dashboard/show,589
2021-12-12 21:19:13.904,/master/welcome,166
2021-12-12 21:19:14.601,/master/welcome,588
2021-12-12 21:19:14.835,/master/welcome,168
2021-12-12 21:19:15.034,/master/welcome,167
2021-12-12 21:19:15.723,/master/sign-in,590
2021-12-12 21:19:16.992,/master/welcome,605
2021-12-12 21:19:17.798,/administrator/dashboard/show,587
2021-12-12 21:19:18.031,/master/welcome,167
2021-12-12 21:19:18.727,/master/welcome,590
2021-12-12 21:19:18.959,/master/welcome,157
2021-12-12 21:19:19.145,/master/welcome,161
2021-12-12 21:19:19.846,/master/sign-in,596
2021-12-12 21:19:21.097,/master/welcome,587
2021-12-12 21:19:21.903,/administrator/dashboard/show,590
2021-12-12 21:19:22.131,/master/welcome,179
2021-12-12 21:19:22.833,/master/welcome,590
2021-12-12 21:19:23.066,/master/welcome,165
2021-12-12 21:19:23.253,/master/welcome,163
2021-12-12 21:19:23.949,/master/sign-in,590
2021-12-12 21:19:25.223,/master/welcome,603
2021-12-12 21:19:26.043,/administrator/dashboard/show,588
2021-12-12 21:19:26.279,/master/welcome,176
2021-12-12 21:19:26.976,/master/welcome,591
2021-12-12 21:19:27.21,/master/welcome,167
2021-12-12 21:19:27.391,/master/welcome,160
2021-12-12 21:19:28.087,/master/sign-in,586
2021-12-12 21:19:29.368,/master/welcome,620
2021-12-12 21:19:30.174,/administrator/dashboard/show,588
2021-12-12 21:19:30.393,/master/welcome,168
2021-12-12 21:19:31.094,/master/welcome,591
2021-12-12 21:19:31.328,/master/welcome,167
2021-12-12 21:19:31.532,/master/welcome,172
2021-12-12 21:19:32.231,/master/sign-in,590
2021-12-12 21:19:33.499,/master/welcome,602
2021-12-12 21:19:34.312,/administrator/dashboard/show,596
2021-12-12 21:19:34.574,/master/welcome,186
2021-12-12 21:19:35.271,/master/welcome,592
2021-12-12 21:19:35.532,/master/welcome,184
2021-12-12 21:19:35.763,/master/welcome,197
2021-12-12 21:19:36.463,/master/sign-in,592
2021-12-12 21:19:37.744,/master/welcome,600
2021-12-12 21:19:38.563,/administrator/dashboard/show,589
2021-12-12 21:19:38.781,/master/welcome,167
2021-12-12 21:19:39.481,/master/welcome,592
2021-12-12 21:19:39.732,/master/welcome,182
2021-12-12 21:19:39.929,/master/welcome,172
2021-12-12 21:19:40.624,/master/sign-in,586
2021-12-12 21:19:41.877,/master/welcome,599
2021-12-12 21:19:42.697,/administrator/dashboard/show,599
2021-12-12 21:19:42.914,/master/welcome,167
2021-12-12 21:19:43.605,/master/welcome,585
2021-12-12 21:19:43.836,/master/welcome,159
2021-12-12 21:19:44.022,/master/welcome,161
2021-12-12 21:19:44.718,/master/sign-in,588
2021-12-12 21:19:45.973,/master/welcome,587
2021-12-12 21:19:46.778,/administrator/dashboard/show,587
2021-12-12 21:19:47.01,/master/welcome,172
2021-12-12 21:19:47.722,/master/welcome,587
2021-12-12 21:19:47.987,/master/welcome,180
2021-12-12 21:19:48.172,/master/welcome,166
2021-12-12 21:19:48.875,/master/sign-in,596
2021-12-12 21:19:50.133,/master/welcome,593
2021-12-12 21:19:50.941,/administrator/dashboard/show,589
2021-12-12 21:19:51.172,/master/welcome,174
2021-12-12 21:19:51.863,/master/welcome,585
2021-12-12 21:19:52.093,/master/welcome,164
2021-12-12 21:19:52.326,/master/welcome,187
2021-12-12 21:19:53.019,/master/sign-in,591
2021-12-12 21:19:54.27,/master/welcome,586
2021-12-12 21:19:55.074,/administrator/dashboard/show,590
2021-12-12 21:19:55.302,/master/welcome,178
2021-12-12 21:19:56.001,/master/welcome,589
2021-12-12 21:19:56.242,/master/welcome,163
2021-12-12 21:19:56.421,/master/welcome,168
2021-12-12 21:19:57.115,/master/sign-in,589
2021-12-12 21:19:58.396,/master/welcome,585
2021-12-12 21:19:58.657,/administrator/dashboard,191
2021-12-12 21:19:58.876,/master/welcome,177
2021-12-12 21:19:59.577,/master/welcome,589
2021-12-12 21:20:02.545,/master/welcome,186
2021-12-12 21:20:02.744,/master/welcome,168
2021-12-12 21:20:03.432,/master/sign-in,584
2021-12-12 21:20:04.662,/master/welcome,584
2021-12-12 21:20:06.215,/master/welcome,173
2021-12-12 21:20:06.91,/master/welcome,587
2021-12-12 21:20:07.143,/master/welcome,161
2021-12-12 21:20:07.331,/master/welcome,163
2021-12-12 21:20:08.028,/master/sign-in,590
2021-12-12 21:20:09.288,/master/welcome,586
2021-12-12 21:20:10.106,/officer/duty/list,586
2021-12-12 21:20:10.922,/officer/duty/show,585
2021-12-12 21:20:12.611,/officer/duty/update,589
2021-12-12 21:20:12.856,/master/welcome,168
2021-12-12 21:20:13.041,/master/welcome,167
2021-12-12 21:20:13.737,/master/sign-in,593
2021-12-12 21:20:14.99,/master/welcome,585
2021-12-12 21:20:15.798,/officer/duty/list,589
2021-12-12 21:20:16.615,/officer/duty/show,589
2021-12-12 21:20:18.273,/officer/duty/update,588
2021-12-12 21:20:18.507,/master/welcome,159
2021-12-12 21:20:18.692,/master/welcome,166
2021-12-12 21:20:19.387,/master/sign-in,585
2021-12-12 21:20:20.64,/master/welcome,586
2021-12-12 21:20:21.436,/officer/duty/list,582
2021-12-12 21:20:22.253,/officer/duty/show,585
2021-12-12 21:20:23.943,/officer/duty/update,584
2021-12-12 21:20:24.21,/master/welcome,193
2021-12-12 21:20:24.427,/master/welcome,189
2021-12-12 21:20:25.125,/master/sign-in,588
2021-12-12 21:20:26.374,/master/welcome,592
2021-12-12 21:20:27.195,/officer/duty/list,586
2021-12-12 21:20:28.016,/officer/duty/show,589
2021-12-12 21:20:29.656,/officer/duty/update,591
2021-12-12 21:20:29.903,/master/welcome,178
2021-12-12 21:20:30.103,/master/welcome,168
2021-12-12 21:20:30.802,/master/sign-in,589
2021-12-12 21:20:32.054,/master/welcome,589
2021-12-12 21:20:32.856,/officer/duty/list,587
2021-12-12 21:20:33.671,/officer/duty/show,586
2021-12-12 21:20:35.381,/officer/duty/update,601
2021-12-12 21:20:35.627,/master/welcome,173
2021-12-12 21:20:35.831,/master/welcome,170
2021-12-12 21:20:36.529,/master/sign-in,590
2021-12-12 21:20:37.791,/master/welcome,594
2021-12-12 21:20:38.596,/officer/duty/list,587
2021-12-12 21:20:39.427,/officer/duty/show,596
2021-12-12 21:20:41.164,/officer/duty/update,587
2021-12-12 21:20:41.414,/master/welcome,173
2021-12-12 21:20:41.615,/master/welcome,171
2021-12-12 21:20:42.319,/master/sign-in,593
2021-12-12 21:20:43.578,/master/welcome,590
2021-12-12 21:20:44.403,/officer/duty/list,591
2021-12-12 21:20:45.227,/officer/duty/show,589
2021-12-12 21:20:46.913,/officer/duty/update,596
2021-12-12 21:20:47.176,/master/welcome,184
2021-12-12 21:20:47.393,/master/welcome,195
2021-12-12 21:20:48.091,/master/sign-in,593
2021-12-12 21:20:49.357,/master/welcome,607
2021-12-12 21:20:50.17,/officer/duty/list,593
2021-12-12 21:20:50.988,/officer/duty/show,590
2021-12-12 21:20:52.747,/officer/duty/update,591
2021-12-12 21:20:52.976,/master/welcome,163
2021-12-12 21:20:53.194,/master/welcome,189
2021-12-12 21:20:53.89,/master/sign-in,590
2021-12-12 21:20:55.161,/master/welcome,603
2021-12-12 21:20:55.965,/officer/duty/list,588
2021-12-12 21:20:56.804,/officer/duty/show,593
2021-12-12 21:20:58.486,/officer/duty/update,593
2021-12-12 21:20:58.734,/master/welcome,169
2021-12-12 21:20:58.922,/master/welcome,162
2021-12-12 21:20:59.627,/master/sign-in,595
2021-12-12 21:21:00.879,/master/welcome,585
2021-12-12 21:21:01.713,/officer/duty/list,586
2021-12-12 21:21:02.536,/officer/duty/show,589
2021-12-12 21:21:04.2,/officer/duty/update,592
2021-12-12 21:21:04.463,/master/welcome,173
2021-12-12 21:21:04.662,/master/welcome,178
2021-12-12 21:21:05.358,/master/sign-in,589
2021-12-12 21:21:06.662,/master/welcome,638
2021-12-12 21:21:07.488,/officer/duty/list,610
2021-12-12 21:21:08.313,/officer/duty/show,594
2021-12-12 21:21:09.998,/officer/duty/update,587
2021-12-12 21:21:10.232,/master/welcome,167
2021-12-12 21:21:10.441,/master/welcome,174
2021-12-12 21:21:11.149,/master/sign-in,611
2021-12-12 21:21:12.401,/master/welcome,590
2021-12-12 21:21:13.227,/officer/duty/list,591
2021-12-12 21:21:14.037,/officer/duty/show,578
2021-12-12 21:21:15.804,/officer/duty/update,589
2021-12-12 21:21:16.065,/master/welcome,188
2021-12-12 21:21:16.252,/master/welcome,162
2021-12-12 21:21:16.95,/master/sign-in,592
2021-12-12 21:21:18.197,/master/welcome,581
2021-12-12 21:21:18.999,/officer/duty/list,587
2021-12-12 21:21:19.824,/officer/duty/show,592
2021-12-12 21:21:21.424,/officer/duty/update,583
2021-12-12 21:21:21.68,/master/welcome,178
2021-12-12 21:21:21.88,/master/welcome,172
2021-12-12 21:21:22.578,/master/sign-in,592
2021-12-12 21:21:23.836,/master/welcome,593
2021-12-12 21:21:24.643,/officer/duty/list,579
2021-12-12 21:21:25.464,/officer/duty/show,590
2021-12-12 21:21:27.184,/officer/duty/list,601
2021-12-12 21:21:27.433,/master/welcome,175
2021-12-12 21:21:27.619,/master/welcome,169
2021-12-12 21:21:28.315,/master/sign-in,588
2021-12-12 21:21:29.594,/master/welcome,625
2021-12-12 21:21:30.401,/officer/duty/list,588
2021-12-12 21:21:31.226,/officer/duty/show,591
2021-12-12 21:21:32.91,/officer/duty/list,591
2021-12-12 21:21:33.158,/master/welcome,173
2021-12-12 21:21:33.361,/master/welcome,168
2021-12-12 21:21:34.072,/master/sign-in,604
2021-12-12 21:21:35.31,/master/welcome,587
2021-12-12 21:21:36.115,/officer/duty/list,586
2021-12-12 21:21:36.932,/officer/duty/show,586
2021-12-12 21:21:38.69,/officer/duty/list,593
2021-12-12 21:21:38.942,/master/welcome,182
2021-12-12 21:21:39.141,/master/welcome,171
2021-12-12 21:21:39.838,/master/sign-in,589
2021-12-12 21:21:41.084,/master/welcome,592
2021-12-12 21:21:41.885,/officer/duty/list,586
2021-12-12 21:21:42.718,/officer/duty/show,600
2021-12-12 21:21:44.426,/officer/duty/list,594
2021-12-12 21:21:44.673,/master/welcome,179
2021-12-12 21:21:44.86,/master/welcome,165
2021-12-12 21:21:45.559,/master/sign-in,589
2021-12-12 21:21:46.81,/master/welcome,598
2021-12-12 21:21:47.611,/officer/duty/list,587
2021-12-12 21:21:48.432,/officer/duty/show,586
2021-12-12 21:21:50.121,/officer/duty/list,593
2021-12-12 21:21:50.356,/master/welcome,162
2021-12-12 21:21:50.54,/master/welcome,166
2021-12-12 21:21:51.241,/master/sign-in,597
2021-12-12 21:21:52.52,/master/welcome,634
2021-12-12 21:21:53.328,/officer/duty/list,591
2021-12-12 21:21:54.15,/officer/duty/show,588
2021-12-12 21:21:55.855,/officer/duty/list,589
2021-12-12 21:21:56.103,/master/welcome,179
2021-12-12 21:21:56.304,/master/welcome,182
2021-12-12 21:21:57.002,/master/sign-in,588
2021-12-12 21:21:58.24,/master/welcome,589
2021-12-12 21:21:59.041,/officer/duty/list,586
2021-12-12 21:21:59.858,/officer/duty/show,587
2021-12-12 21:22:01.613,/officer/duty/list,629
2021-12-12 21:22:01.872,/master/welcome,180
2021-12-12 21:22:02.074,/master/welcome,176
2021-12-12 21:22:02.767,/master/sign-in,584
2021-12-12 21:22:04.011,/master/welcome,588
2021-12-12 21:22:04.826,/officer/duty/list,585
2021-12-12 21:22:05.645,/officer/duty/show,590
2021-12-12 21:22:07.359,/officer/duty/list,594
2021-12-12 21:22:07.592,/master/welcome,168
2021-12-12 21:22:07.796,/master/welcome,177
2021-12-12 21:22:08.489,/master/sign-in,585
2021-12-12 21:22:09.75,/master/welcome,593
2021-12-12 21:22:10.56,/officer/duty/list,592
2021-12-12 21:22:11.389,/officer/duty/show,595
2021-12-12 21:22:13.105,/officer/duty/list,595
2021-12-12 21:22:13.355,/master/welcome,178
2021-12-12 21:22:13.542,/master/welcome,163
2021-12-12 21:22:14.246,/master/sign-in,593
2021-12-12 21:22:15.494,/master/welcome,593
2021-12-12 21:22:16.299,/officer/duty/list,588
2021-12-12 21:22:17.115,/officer/duty/show,586
2021-12-12 21:22:18.824,/officer/duty/list,589
2021-12-12 21:22:19.056,/master/welcome,163
2021-12-12 21:22:19.241,/master/welcome,162
2021-12-12 21:22:19.934,/master/sign-in,585
2021-12-12 21:22:21.169,/master/welcome,587
2021-12-12 21:22:21.992,/officer/duty/list,588
2021-12-12 21:22:22.81,/officer/duty/show,586
2021-12-12 21:22:24.513,/officer/duty/list,592
2021-12-12 21:22:24.748,/master/welcome,165
2021-12-12 21:22:24.933,/master/welcome,158
2021-12-12 21:22:25.631,/master/sign-in,591
2021-12-12 21:22:26.88,/master/welcome,594
2021-12-12 21:22:27.702,/officer/duty/list,590
2021-12-12 21:22:28.526,/officer/duty/show,588
2021-12-12 21:22:30.315,/officer/duty/list,594
2021-12-12 21:22:33.108,/master/welcome,218
2021-12-12 21:22:33.309,/master/welcome,169
2021-12-12 21:22:33.999,/master/sign-in,585
2021-12-12 21:22:35.23,/master/welcome,586
2021-12-12 21:22:36.772,/master/welcome,163
2021-12-12 21:22:37.47,/master/welcome,591
2021-12-12 21:22:37.692,/master/welcome,152
2021-12-12 21:22:37.879,/master/welcome,165
2021-12-12 21:22:38.571,/master/sign-in,587
2021-12-12 21:22:39.819,/master/welcome,586
2021-12-12 21:22:40.643,/officer/duty/list,580
2021-12-12 21:22:41.46,/officer/duty/show,587
2021-12-12 21:22:42.106,/officer/duty/list,588
2021-12-12 21:22:42.324,/master/welcome,198
2021-12-12 21:22:43.022,/master/welcome,592
2021-12-12 21:22:43.313,/master/welcome,229
2021-12-12 21:22:44.015,/master/sign-in,596
2021-12-12 21:22:45.245,/master/welcome,589
2021-12-12 21:22:45.526,/officer/duty/show,211
2021-12-12 21:22:45.754,/master/welcome,173
2021-12-12 21:22:45.938,/master/welcome,164
2021-12-12 21:22:46.647,/master/sign-in,600
2021-12-12 21:22:47.891,/master/welcome,584
2021-12-12 21:22:48.721,/officer/duty/list,582
2021-12-12 21:22:49.541,/officer/duty/show,590
2021-12-12 21:22:50.189,/officer/duty/list,588
2021-12-12 21:22:50.42,/officer/duty/show,207
2021-12-12 21:22:50.667,/master/welcome,181
2021-12-12 21:22:50.87,/master/welcome,176
2021-12-12 21:22:51.569,/master/sign-in,580
2021-12-12 21:22:52.815,/master/welcome,591
2021-12-12 21:22:53.622,/officer/duty/list,590
2021-12-12 21:22:54.446,/officer/duty/show,593
2021-12-12 21:22:55.092,/officer/duty/list,586
2021-12-12 21:22:55.34,/officer/duty/show,221
2021-12-12 21:22:55.606,/master/welcome,189
2021-12-12 21:22:55.805,/master/welcome,175
2021-12-12 21:22:56.526,/master/sign-in,604
2021-12-12 21:22:57.779,/master/welcome,588
2021-12-12 21:22:58.588,/officer/duty/list,592
2021-12-12 21:22:59.408,/officer/duty/show,584
2021-12-12 21:23:00.059,/officer/duty/list,591
2021-12-12 21:23:00.292,/officer/duty/show,209
2021-12-12 21:23:00.571,/master/welcome,202
2021-12-12 21:23:00.776,/master/welcome,171
2021-12-12 21:23:01.471,/master/sign-in,589
2021-12-12 21:23:02.737,/master/welcome,602
2021-12-12 21:23:03.541,/officer/duty/list,591
2021-12-12 21:23:04.362,/officer/duty/show,585
2021-12-12 21:23:05.01,/officer/duty/list,587
2021-12-12 21:23:05.257,/officer/duty/show,214
2021-12-12 21:23:05.518,/master/welcome,193
2021-12-12 21:23:05.748,/master/welcome,187
2021-12-12 21:23:06.442,/master/sign-in,586
2021-12-12 21:23:07.694,/master/welcome,590
2021-12-12 21:23:08.502,/officer/duty/list,588
2021-12-12 21:23:09.328,/officer/duty/show,589
2021-12-12 21:23:09.976,/officer/duty/list,591
2021-12-12 21:23:10.207,/officer/duty/show,210
2021-12-12 21:23:13.109,/master/welcome,185
2021-12-12 21:23:13.292,/master/welcome,166
2021-12-12 21:23:13.985,/master/sign-in,588
2021-12-12 21:23:15.232,/master/welcome,592
2021-12-12 21:23:16.832,/master/welcome,211
2021-12-12 21:23:17.522,/master/welcome,585
2021-12-12 21:23:17.811,/master/welcome,224
2021-12-12 21:23:18.009,/master/welcome,173
2021-12-12 21:23:18.698,/master/sign-in,583
2021-12-12 21:23:19.954,/master/welcome,586
2021-12-12 21:23:20.227,/master/welcome,201
2021-12-12 21:23:20.919,/master/welcome,588
2021-12-12 21:23:21.184,/officer/duty/list,215
2021-12-12 21:23:21.448,/master/welcome,187
2021-12-12 21:23:21.669,/master/welcome,172
2021-12-12 21:23:22.358,/master/sign-in,587
2021-12-12 21:23:23.601,/master/welcome,588
2021-12-12 21:23:24.422,/officer/duty/list,593
2021-12-12 21:23:25.602,/master/welcome,167
2021-12-12 21:23:25.804,/master/welcome,183
2021-12-12 21:23:26.498,/master/sign-in,586
2021-12-12 21:23:27.754,/master/welcome,588
2021-12-12 21:23:28.556,/officer/duty/list,588
2021-12-12 21:23:29.702,/master/welcome,180
2021-12-12 21:23:29.888,/master/welcome,163
2021-12-12 21:23:30.581,/master/sign-in,585
2021-12-12 21:23:31.834,/master/welcome,585
2021-12-12 21:23:32.642,/officer/duty/list,592
2021-12-12 21:23:33.785,/master/welcome,167
2021-12-12 21:23:33.974,/master/welcome,165
2021-12-12 21:23:34.679,/master/sign-in,598
2021-12-12 21:23:35.93,/master/welcome,583
2021-12-12 21:23:36.737,/officer/duty/list,590
2021-12-12 21:23:37.883,/master/welcome,160
2021-12-12 21:23:38.085,/master/welcome,171
2021-12-12 21:23:38.789,/master/sign-in,594
2021-12-12 21:23:40.059,/master/welcome,591
2021-12-12 21:23:40.854,/officer/duty/list,579
2021-12-12 21:23:42.012,/master/welcome,203
2021-12-12 21:23:42.199,/master/welcome,165
2021-12-12 21:23:42.895,/master/sign-in,588
2021-12-12 21:23:44.149,/master/welcome,589
2021-12-12 21:23:44.955,/officer/duty/list,592
2021-12-12 21:23:46.059,/master/welcome,177
2021-12-12 21:23:46.259,/master/welcome,170
2021-12-12 21:23:46.957,/master/sign-in,591
2021-12-12 21:23:48.215,/master/welcome,589
2021-12-12 21:23:49.022,/officer/duty/list,591
2021-12-12 21:23:50.127,/master/welcome,169
2021-12-12 21:23:50.313,/master/welcome,167
2021-12-12 21:23:51.012,/master/sign-in,588
2021-12-12 21:23:52.272,/master/welcome,591
2021-12-12 21:23:53.079,/officer/duty/list,591
2021-12-12 21:23:54.194,/master/welcome,187
2021-12-12 21:23:54.394,/master/welcome,181
2021-12-12 21:23:55.091,/master/sign-in,590
2021-12-12 21:23:56.351,/master/welcome,593
2021-12-12 21:23:57.153,/officer/duty/list,590
2021-12-12 21:23:58.251,/master/welcome,173
2021-12-12 21:23:58.438,/master/welcome,166
2021-12-12 21:23:59.133,/master/sign-in,586
2021-12-12 21:24:00.424,/master/welcome,623
2021-12-12 21:24:01.251,/officer/duty/list,594
2021-12-12 21:24:02.335,/master/welcome,165
2021-12-12 21:24:02.524,/master/welcome,164
2021-12-12 21:24:03.227,/master/sign-in,594
2021-12-12 21:24:04.536,/master/welcome,629
2021-12-12 21:24:05.339,/officer/duty/list,586
2021-12-12 21:24:06.443,/master/welcome,187
2021-12-12 21:24:06.642,/master/welcome,176
2021-12-12 21:24:07.337,/master/sign-in,588
2021-12-12 21:24:08.605,/master/welcome,604
2021-12-12 21:24:09.411,/officer/duty/list,587
2021-12-12 21:24:13.283,/master/welcome,189
2021-12-12 21:24:13.464,/master/welcome,164
2021-12-12 21:24:14.156,/master/sign-in,586
2021-12-12 21:24:15.392,/master/welcome,590
2021-12-12 21:24:16.956,/master/welcome,173
2021-12-12 21:24:17.652,/master/welcome,589
2021-12-12 21:24:17.885,/master/welcome,161
2021-12-12 21:24:18.07,/master/welcome,162
2021-12-12 21:24:18.766,/master/sign-in,588
2021-12-12 21:24:20.024,/master/welcome,591
2021-12-12 21:24:20.853,/officer/duty/create,583
2021-12-12 21:24:22.579,/master/welcome,591
2021-12-12 21:24:22.827,/master/welcome,162
2021-12-12 21:24:23.014,/master/welcome,167
2021-12-12 21:24:23.712,/master/sign-in,589
2021-12-12 21:24:24.95,/master/welcome,587
2021-12-12 21:24:25.757,/officer/duty/create,590
2021-12-12 21:24:27.41,/master/welcome,585
2021-12-12 21:24:27.655,/master/welcome,170
2021-12-12 21:24:27.871,/master/welcome,184
2021-12-12 21:24:28.571,/master/sign-in,592
2021-12-12 21:24:29.813,/master/welcome,592
2021-12-12 21:24:30.612,/officer/duty/create,584
2021-12-12 21:24:32.327,/master/welcome,586
2021-12-12 21:24:32.56,/master/welcome,165
2021-12-12 21:24:32.747,/master/welcome,162
2021-12-12 21:24:33.448,/master/sign-in,591
2021-12-12 21:24:34.69,/master/welcome,595
2021-12-12 21:24:35.547,/officer/duty/create,605
2021-12-12 21:24:37.229,/officer/duty/create,593
2021-12-12 21:24:37.475,/master/welcome,178
2021-12-12 21:24:37.675,/master/welcome,180
2021-12-12 21:24:38.373,/master/sign-in,593
2021-12-12 21:24:39.63,/master/welcome,596
2021-12-12 21:24:40.441,/officer/duty/create,583
2021-12-12 21:24:42.149,/officer/duty/create,592
2021-12-12 21:24:42.423,/master/welcome,204
2021-12-12 21:24:42.641,/master/welcome,191
2021-12-12 21:24:43.333,/master/sign-in,585
2021-12-12 21:24:44.595,/master/welcome,590
2021-12-12 21:24:45.4,/officer/duty/create,589
2021-12-12 21:24:47.089,/officer/duty/create,593
2021-12-12 21:24:47.321,/master/welcome,163
2021-12-12 21:24:47.507,/master/welcome,164
2021-12-12 21:24:48.199,/master/sign-in,585
2021-12-12 21:24:49.479,/master/welcome,606
2021-12-12 21:24:50.3,/officer/duty/create,587
2021-12-12 21:24:51.991,/officer/duty/create,587
2021-12-12 21:24:52.226,/master/welcome,165
2021-12-12 21:24:52.441,/master/welcome,186
2021-12-12 21:24:53.138,/master/sign-in,589
2021-12-12 21:24:54.429,/master/welcome,593
2021-12-12 21:24:55.238,/officer/duty/create,591
2021-12-12 21:24:56.932,/officer/duty/create,587
2021-12-12 21:24:57.162,/master/welcome,165
2021-12-12 21:24:57.349,/master/welcome,165
2021-12-12 21:24:58.051,/master/sign-in,594
2021-12-12 21:24:59.312,/master/welcome,592
2021-12-12 21:25:00.119,/officer/duty/create,593
2021-12-12 21:25:01.806,/officer/duty/create,593
2021-12-12 21:25:02.036,/master/welcome,161
2021-12-12 21:25:02.23,/master/welcome,161
2021-12-12 21:25:02.913,/master/sign-in,588
2021-12-12 21:25:04.172,/master/welcome,589
2021-12-12 21:25:04.981,/officer/duty/create,589
2021-12-12 21:25:06.702,/officer/duty/create,590
2021-12-12 21:25:06.966,/master/welcome,186
2021-12-12 21:25:07.165,/master/welcome,170
2021-12-12 21:25:07.862,/master/sign-in,588
2021-12-12 21:25:09.12,/master/welcome,589
2021-12-12 21:25:09.927,/officer/duty/create,590
2021-12-12 21:25:11.63,/officer/duty/create,586
2021-12-12 21:25:11.909,/master/welcome,201
2021-12-12 21:25:12.124,/master/welcome,181
2021-12-12 21:25:12.823,/master/sign-in,590
2021-12-12 21:25:14.099,/master/welcome,610
2021-12-12 21:25:14.911,/officer/duty/create,593
2021-12-12 21:25:16.553,/officer/duty/create,589
